{"__symbolic":"module","version":3,"metadata":{"InfiniteScrollModule":{"__symbolic":"class","decorators":[{"__symbolic":"call","expression":{"__symbolic":"reference","module":"@angular/core","name":"NgModule"},"arguments":[{"declarations":[{"__symbolic":"reference","name":"ɵa"}],"exports":[{"__symbolic":"reference","name":"ɵa"}],"imports":[],"providers":[{"__symbolic":"reference","name":"ɵb"},{"__symbolic":"reference","name":"ɵc"},{"__symbolic":"reference","name":"ɵd"}]}]}],"members":{}},"ɵa":{"__symbolic":"class","decorators":[{"__symbolic":"call","expression":{"__symbolic":"reference","module":"@angular/core","name":"Directive"},"arguments":[{"selector":"[infiniteScroll], [infinite-scroll], [data-infinite-scroll]"}]}],"members":{"scrolled":[{"__symbolic":"property","decorators":[{"__symbolic":"call","expression":{"__symbolic":"reference","module":"@angular/core","name":"Output"}}]}],"scrolledUp":[{"__symbolic":"property","decorators":[{"__symbolic":"call","expression":{"__symbolic":"reference","module":"@angular/core","name":"Output"}}]}],"infiniteScrollDistance":[{"__symbolic":"property","decorators":[{"__symbolic":"call","expression":{"__symbolic":"reference","module":"@angular/core","name":"Input"}}]}],"infiniteScrollUpDistance":[{"__symbolic":"property","decorators":[{"__symbolic":"call","expression":{"__symbolic":"reference","module":"@angular/core","name":"Input"}}]}],"infiniteScrollThrottle":[{"__symbolic":"property","decorators":[{"__symbolic":"call","expression":{"__symbolic":"reference","module":"@angular/core","name":"Input"}}]}],"infiniteScrollDisabled":[{"__symbolic":"property","decorators":[{"__symbolic":"call","expression":{"__symbolic":"reference","module":"@angular/core","name":"Input"}}]}],"infiniteScrollContainer":[{"__symbolic":"property","decorators":[{"__symbolic":"call","expression":{"__symbolic":"reference","module":"@angular/core","name":"Input"}}]}],"scrollWindow":[{"__symbolic":"property","decorators":[{"__symbolic":"call","expression":{"__symbolic":"reference","module":"@angular/core","name":"Input"}}]}],"immediateCheck":[{"__symbolic":"property","decorators":[{"__symbolic":"call","expression":{"__symbolic":"reference","module":"@angular/core","name":"Input"}}]}],"horizontal":[{"__symbolic":"property","decorators":[{"__symbolic":"call","expression":{"__symbolic":"reference","module":"@angular/core","name":"Input"}}]}],"alwaysCallback":[{"__symbolic":"property","decorators":[{"__symbolic":"call","expression":{"__symbolic":"reference","module":"@angular/core","name":"Input"}}]}],"__ctor__":[{"__symbolic":"constructor","parameters":[{"__symbolic":"reference","module":"@angular/core","name":"ElementRef"},{"__symbolic":"reference","module":"@angular/core","name":"NgZone"},{"__symbolic":"reference","name":"ɵb"},{"__symbolic":"reference","name":"ɵc"},{"__symbolic":"reference","name":"ɵd"}]}],"ngOnInit":[{"__symbolic":"method"}],"handleOnScroll":[{"__symbolic":"method"}],"shouldTriggerEvents":[{"__symbolic":"method"}],"ngOnDestroy":[{"__symbolic":"method"}],"onScrollDown":[{"__symbolic":"method"}],"onScrollUp":[{"__symbolic":"method"}],"resolveContainerElement":[{"__symbolic":"method"}]}},"ɵb":{"__symbolic":"class","decorators":[{"__symbolic":"call","expression":{"__symbolic":"reference","module":"@angular/core","name":"Injectable"}}],"members":{"create":[{"__symbolic":"method"}],"defineContainer":[{"__symbolic":"method"}],"isElementWindow":[{"__symbolic":"method"}],"getDocumentElement":[{"__symbolic":"method"}],"calculatePoints":[{"__symbolic":"method"}],"calculatePointsForWindow":[{"__symbolic":"method"}],"calculatePointsForElement":[{"__symbolic":"method"}],"height":[{"__symbolic":"method"}],"offsetTop":[{"__symbolic":"method"}],"pageYOffset":[{"__symbolic":"method"}]}},"ɵc":{"__symbolic":"class","decorators":[{"__symbolic":"call","expression":{"__symbolic":"reference","module":"@angular/core","name":"Injectable"}}],"members":{"attachEvent":[{"__symbolic":"method"}]}},"ɵd":{"__symbolic":"class","decorators":[{"__symbolic":"call","expression":{"__symbolic":"reference","module":"@angular/core","name":"Injectable"}}],"members":{"shouldScroll":[{"__symbolic":"method"}],"isScrollingDown":[{"__symbolic":"method"}],"getScrollStats":[{"__symbolic":"method"}]}}},"origins":{"InfiniteScrollModule":"./src/modules/ngx-infinite-scroll.module","ɵa":"./src/modules/infinite-scroll.directive","ɵb":"./src/services/position-resolver","ɵc":"./src/services/scroll-register","ɵd":"./src/services/scroll-resolver"},"importAs":"ngx-infinite-scroll"}